"Epic","Feature","Story","FAILED","BROKEN","PASSED","SKIPPED","UNKNOWN"
"vodovoz.ru","Поиск товаров","Успешный поиск","0","0","2","0","0"
"vodovoz.ru","Product Compare","","1","0","0","0","0"
"vodovoz.ru","Поиск товаров","Параметризованный поиск","1","0","3","0","0"
"vodovoz.ru","Поиск товаров","Негативный поиск","0","0","1","0","0"
"vodovoz.ru","Каталог — Сортировка","Каталог загружается после каждого вида сортировки","0","0","1","0","0"
"vodovoz.ru","Каталог — Фильтры","Chip-навигация по типу тары","0","0","2","0","0"
"Интернет-магазин Vodovoz.ru","Сервисные формы","Валидация формы обратного звонка","0","0","2","0","0"
"vodovoz.ru","Корзина — Бизнес-логика цен","Промокод — негативный сценарий","0","0","1","0","0"
"vodovoz.ru","Mobile Smoke","","0","0","4","0","0"
"vodovoz.ru","Search - Autosuggest","Search Suggest","0","0","1","0","0"
"Интернет-магазин Vodovoz.ru","Карточка товара (PDP)","Просмотр информации о товаре","0","1","1","0","0"
"vodovoz.ru","Корзина","Добавление товара в корзину","0","0","2","0","0"
"vodovoz.ru","Корзина — Управление количеством","Удаление из корзины","0","0","1","0","0"
"vodovoz.ru","Форма написания отзыва","Валидация формы","0","0","2","0","0"
"vodovoz.ru","Каталог — Сортировка","Сортировка по цене","0","0","2","0","0"
"Интернет-магазин Vodovoz.ru","Карточка товара (PDP)","Добавление в корзину со страницы товара","0","0","1","0","0"
"vodovoz.ru","Избранное","Избранное в гостевом режиме","0","0","1","0","0"
"vodovoz.ru","Корзина — Управление количеством","Содержимое корзины","0","0","1","0","0"
"vodovoz.ru","Корзина — Бизнес-логика цен","Пересчёт суммы корзины","0","0","1","0","0"
"vodovoz.ru","Корзина — Управление количеством","Управление количеством","0","0","1","0","0"
"vodovoz.ru","Авторизация","Негативный сценарий: неверный Email/пароль","1","0","0","0","0"
"vodovoz.ru","Избранное","Управление избранным гостем","0","0","1","0","0"
"vodovoz.ru","Авторизация","","0","0","0","1","0"
