"Status","Start Time","Stop Time","Duration in ms","Parent Suite","Suite","Sub Suite","Test Class","Test Method","Name","Description"
"passed","Wed Sep 30 08:14:03 UTC 2026","Wed Sep 30 08:14:16 UTC 2026","12942","","Сортировка товаров в каталоге","","com.automation.tests.CatalogSortTest","testSortByPriceAscending","Сортировка 'Дешевле': первый товар дешевле последнего","Шаги:
1. Открыть раздел каталога (питьевая вода 19 л)
2. Применить сортировку «Дешевле» (order=asc)
3. Проверить что цены идут по возрастанию (first ≤ last)
4. Проверить наличие товаров
"
"passed","Wed Sep 30 08:19:52 UTC 2026","Wed Sep 30 08:20:14 UTC 2026","22592","","Корзина: пересчёт суммы","","com.automation.tests.CartPriceTest","testCartTotalRecalculatesOnQuantityChange","1. AJAX-пересчёт итоговой суммы при изменении количества товара","E2E: qty=1 -> запомнить P и Total. '+' -> qty=2 И Total=P*2. '-' -> qty=1 И Total=P."
"passed","Wed Sep 30 08:12:36 UTC 2026","Wed Sep 30 08:13:04 UTC 2026","27448","","Сервисные формы: заказ звонка","","com.automation.tests.CallbackFormTest","testWrongCaptchaRejectsSubmission","Форма не отправляется с неверным кодом защиты (капчей)","Имя + телефон из 10 цифр, начинающийся с 9 + код капчи 12345 -> отправка -> запрос отклонён, модалка осталась открытой"
"passed","Wed Sep 30 08:14:38 UTC 2026","Wed Sep 30 08:14:50 UTC 2026","11970","","Поиск: автоподсказки","","com.automation.tests.SearchAutosuggestTest","testAutosuggestShowsRelevantSuggestionsAndNavigates","Автоподсказки показываются и клик открывает карточку товара","E2E: open / -> type partial query (search.query.partial) -> div.title-search-result visible, a.bx_item_block links visible -> first suggestion relevant -> click -> product card opened (URL contains /catalog/). Gracefully skipped in headless mode (server blocks suggest AJAX)."
"passed","Wed Sep 30 08:19:10 UTC 2026","Wed Sep 30 08:19:30 UTC 2026","19996","","Карточка товара (PDP)","","com.automation.tests.ProductCardTest","testProductCardDisplaysCoreInfo","Проверка ключевых атрибутов карточки: название, цена, характеристики","Поиск товара -> переход в карточку по ссылке -> сверка H1, цены и блока деталей"
"passed","Wed Sep 30 08:20:24 UTC 2026","Wed Sep 30 08:20:34 UTC 2026","10233","","Фильтрация товаров в каталоге","","com.automation.tests.CatalogFiltersTest","testSingleUseTareFilter","Chip-фильтр 'В одноразовой таре': URL обновился, товары видны","Шаги:
1. Открыть раздел «Питьевая вода 19 литров»
2. Перейти по URL подраздела «В одноразовой таре»
3. Проверить что URL содержит слаг подраздела
4. Проверить что chip-кнопки видимы на новой странице
5. Проверить что список товаров не пуст
"
"passed","Wed Sep 30 08:17:24 UTC 2026","Wed Sep 30 08:17:43 UTC 2026","18535","","Поиск на vodovoz.ru","","com.automation.tests.VodovozSearchTest","testSearchForCoolerReturnsResults","Поиск 'кулер' возвращает страницу каталога с результатами","Шаги:
1. Открыть главную страницу vodovoz.ru
2. Ввести в строку поиска: кулер
3. Нажать кнопку поиска
4. Проверить, что открылась страница каталога (/catalog/)
5. Проверить, что URL содержит параметр поиска q=
6. Проверить, что найден хотя бы 1 товар
"
"passed","Wed Sep 30 08:16:03 UTC 2026","Wed Sep 30 08:16:18 UTC 2026","15126","","Поиск на vodovoz.ru","","com.automation.tests.VodovozSearchTest","testGarbageQueryShowsEmptyOrRecommendations","Поиск бессмысленного запроса не вызывает ошибку страницы","Сценарий (негативный):
1. Открыть главную страницу vodovoz.ru
2. Ввести в строку поиска заведомо бессмысленный запрос
   (значение берётся из config.properties: search.query.garbage)
3. Дождаться загрузки страницы результатов
4. Проверить: URL содержит поисковой запрос (q=)
5. Проверить: страница не упала с ошибкой 500/404 —
   блок .catalog-items видим (сайт показывает рекомендации)
"
"broken","Wed Sep 30 08:21:25 UTC 2026","Wed Sep 30 08:22:14 UTC 2026","48954","","E2E: Поиск → Корзина","","com.automation.tests.AddToCartTest","testSearchAndAddToCart","E2E: Поиск → В корзину → Корзина содержит товар E2E корзина: товар по запросу 'вода питьевая'","E2E-сценарий (параметризован по поисковому запросу):
1. Открыть главную страницу vodovoz.ru
2. Ввести в строку поиска переданный query
3. Дождаться результатов (не менее 1 товара)
4. Запомнить название первого товара
5. Нажать кнопку «В корзину» первого товара
6. Убедиться что счётчик корзины в шапке стал > 0
7. Открыть страницу корзины /basket/
8. Проверить, что корзина не пуста
9. Проверить, что добавленный товар присутствует в корзине
"
"passed","Wed Sep 30 08:15:43 UTC 2026","Wed Sep 30 08:16:03 UTC 2026","20081","","Корзина: изменение количества и удаление товара","","com.automation.tests.CartQuantityTest","testCartContainsProductWithPrice","3. Корзина содержит добавленный товар с ценой","Шаги:
1. Добавить товар (предусловие)
2. Проверить что корзина не пустая
3. Проверить что итоговая сумма > 0
4. Проверить кнопку «Оформить заказ»
"
"passed","Wed Sep 30 08:14:16 UTC 2026","Wed Sep 30 08:14:38 UTC 2026","22332","","Сортировка товаров в каталоге","","com.automation.tests.CatalogSortTest","testSortByDiscountAndRatingShowsProducts","Каталог отображает товары после сортировки по скидке и рейтингу","Проверяет что после сортировки «Со скидкой» и «Высокий рейтинг»
каталог остаётся рабочим и содержит товары.
"
"passed","Wed Sep 30 08:13:29 UTC 2026","Wed Sep 30 08:13:40 UTC 2026","11066","","Форма «Написать отзыв» — негативные тесты","","com.automation.tests.FeedbackFormTest","testPartialFeedbackFormShowsValidation","Форма с именем без рейтинга и текста показывает ошибки валидации","1. Открыть /reviews/
2. Нажать «Написать отзыв» → модалка
3. Ввести только имя «Тест Авто»
4. Отправить без рейтинга, email и текста
5. Проверить label.error (Рейтинг, Email, Текст — обязательны)
"
"passed","Wed Sep 30 08:13:40 UTC 2026","Wed Sep 30 08:13:49 UTC 2026","9555","","Форма «Написать отзыв» — негативные тесты","","com.automation.tests.FeedbackFormTest","testEmptyFeedbackFormShowsValidation","Пустая форма отзыва показывает ошибки валидации","1. Открыть /reviews/
2. Нажать «Написать отзыв» → модалка id=12
3. Активировать чекбокс согласия (иначе Submit disabled)
4. Отправить без заполнения полей
5. Проверить label.error (Рейтинг, Имя, Email, Текст — required)
"
"passed","Wed Sep 30 08:16:35 UTC 2026","Wed Sep 30 08:16:52 UTC 2026","17357","","Поиск на vodovoz.ru","","com.automation.tests.VodovozSearchTest","testParametrizedSearch","Параметризованный поиск по различным запросам Прогон 2: Поиск по запросу 'кулер', ожидаем не менее 1 товаров","Параметризованный тест с @CsvSource.
Для каждого запроса проверяем:
1. Страница каталога открылась (/catalog/ в URL)
2. Количество товаров ≥ указанного минимума
3. Хотя бы один товар содержит поисковое слово в названии
"
"passed","Wed Sep 30 08:13:04 UTC 2026","Wed Sep 30 08:13:14 UTC 2026","10442","","Сервисные формы: заказ звонка","","com.automation.tests.CallbackFormTest","testEmptyCallbackFormShowsValidation","Отправка пустой формы показывает ошибки валидации","Открытие модалки заказа звонка -> отправка пустой формы -> проверка ошибок валидации"
"passed","Wed Sep 30 08:18:09 UTC 2026","Wed Sep 30 08:18:30 UTC 2026","20475","","Авторизация по Email","","com.automation.tests.LoginByEmailTest","testLoginWithInvalidEmailShowsError","Вход с неверным Email → проверка сообщения об ошибке","Негативный E2E-сценарий:
1. Открыть главную страницу vodovoz.ru
2. Нажать кнопку «Войти» в шапке сайта
3. Дождаться открытия модального окна авторизации
4. Переключиться на вход по Email
5. Ввести некорректный email: test_qa_auto@example.com
6. Ввести неверный пароль: WrongPass123!
7. Принять условия обработки персональных данных
8. Нажать кнопку «Войти»
9. Проверить, что отображается сообщение об ошибке авторизации
"
"passed","Wed Sep 30 08:14:50 UTC 2026","Wed Sep 30 08:15:15 UTC 2026","24666","","Корзина: изменение количества и удаление товара","","com.automation.tests.CartQuantityTest","testIncreaseQuantityUpdatesTotal","1. Увеличение количества товара через кнопку '+'","Шаги:
1. Добавить товар в корзину (предусловие)
2. Запомнить итоговую сумму до изменения
3. Нажать '+' для увеличения количества
4. Проверить что товаров стало 2
"
"passed","Wed Sep 30 08:16:19 UTC 2026","Wed Sep 30 08:16:35 UTC 2026","16315","","Поиск на vodovoz.ru","","com.automation.tests.VodovozSearchTest","testParametrizedSearch","Параметризованный поиск по различным запросам Прогон 1: Поиск по запросу 'вода', ожидаем не менее 5 товаров","Параметризованный тест с @CsvSource.
Для каждого запроса проверяем:
1. Страница каталога открылась (/catalog/ в URL)
2. Количество товаров ≥ указанного минимума
3. Хотя бы один товар содержит поисковое слово в названии
"
"passed","Wed Sep 30 08:19:30 UTC 2026","Wed Sep 30 08:19:52 UTC 2026","21706","","Корзина: пересчёт суммы","","com.automation.tests.CartPriceTest","testInvalidPromoCodeShowsError","2. Неверный промокод показывает ошибку и не меняет сумму","Негативный тест: ввести невалидный промокод -> блок ошибки -> Grand Total не изменился."
"passed","Wed Sep 30 08:13:14 UTC 2026","Wed Sep 30 08:13:29 UTC 2026","14380","","Сравнение товаров","","com.automation.tests.ProductCompareTest","testCompareFourProducts","Добавить 4 товара в сравнение, проверить таблицу, удалить один","E2E: open catalog -> add 4 products to compare -> go to compare page -> check 4 columns -> attribute row present -> remove first -> 3 remain"
"passed","Wed Sep 30 08:13:49 UTC 2026","Wed Sep 30 08:14:03 UTC 2026","13492","","Сортировка товаров в каталоге","","com.automation.tests.CatalogSortTest","testSortByPriceDescending","Сортировка 'Дороже': первый товар дороже последнего","Шаги:
1. Открыть раздел каталога (питьевая вода 19 л)
2. Применить сортировку «Дороже» (order=desc)
3. Проверить что цены идут по убыванию (first ≥ last)
4. Проверить наличие товаров
"
"passed","Wed Sep 30 08:16:52 UTC 2026","Wed Sep 30 08:17:08 UTC 2026","16105","","Поиск на vodovoz.ru","","com.automation.tests.VodovozSearchTest","testParametrizedSearch","Параметризованный поиск по различным запросам Прогон 3: Поиск по запросу 'помпа', ожидаем не менее 3 товаров","Параметризованный тест с @CsvSource.
Для каждого запроса проверяем:
1. Страница каталога открылась (/catalog/ в URL)
2. Количество товаров ≥ указанного минимума
3. Хотя бы один товар содержит поисковое слово в названии
"
"passed","Wed Sep 30 08:18:52 UTC 2026","Wed Sep 30 08:19:10 UTC 2026","18410","","Карточка товара (PDP)","","com.automation.tests.ProductCardTest","testProductReviewsTabOpens","Открытие таба 'Отзывы' на карточке товара","Поиск -> открытие карточки первого товара -> клик по табу 'Отзывы' -> блок отзывов загружен"
"passed","Wed Sep 30 08:18:30 UTC 2026","Wed Sep 30 08:18:52 UTC 2026","22243","","Карточка товара (PDP)","","com.automation.tests.ProductCardTest","testAddToCartFromProductCard","Добавление товара в корзину из карточки с проверкой динамического счетчика","Открытие карточки кулера -> клик 'В корзину' -> проверка появления счетчика количества"
"passed","Wed Sep 30 08:20:34 UTC 2026","Wed Sep 30 08:21:02 UTC 2026","28095","","Добавление товара в избранное","","com.automation.tests.AddToFavoritesTest","testRemoveFromFavorites","Удаление товара из избранного (гостевой режим)","Поиск -> добавить в избранное -> открыть избранное -> удалить первый товар -> товар исчез из списка"
"passed","Wed Sep 30 08:21:02 UTC 2026","Wed Sep 30 08:21:25 UTC 2026","22363","","Добавление товара в избранное","","com.automation.tests.AddToFavoritesTest","testAddToFavoritesAsGuest","Поиск 'кулер' → В избранное → Проверка страницы избранного","E2E-сценарий (гостевой режим):
1. Открыть главную vodovoz.ru
2. Поиск «кулер»
3. Запомнить название первого товара
4. Нажать «В избранное» (кнопка-сердечко)
5. Перейти на страницу /personal/favorite/
6. Если редирект на логин — тест фиксирует это как ожидаемое поведение
7. Если страница избранного открылась — проверяем наличие товара
"
"skipped","Wed Sep 30 08:17:59 UTC 2026","Wed Sep 30 08:18:09 UTC 2026","9700","","Авторизация по Email","","com.automation.tests.LoginByEmailTest","testLoginWithValidCredentials","Успешная авторизация по Email и паролю","Открыть модалку -> войти через почту -> ввести валидные креды -> согласие -> войти -> модалка закрыта, шапка авторизована, /personal/ открывается без редиректа на вход"
"passed","Wed Sep 30 08:20:14 UTC 2026","Wed Sep 30 08:20:24 UTC 2026","9413","","Фильтрация товаров в каталоге","","com.automation.tests.CatalogFiltersTest","testReusableTareFilter","Chip-фильтр 'В многоразовой таре': URL обновился, товары видны","Шаги:
1. Открыть раздел «Питьевая вода 19 литров»
2. Перейти по URL подраздела «В многоразовой таре»
3. Проверить что URL содержит слаг подраздела
4. Проверить что chip-кнопки видимы (навигация присутствует)
5. Проверить что список товаров не пуст
"
"passed","Wed Sep 30 08:22:14 UTC 2026","Wed Sep 30 08:22:38 UTC 2026","24033","","E2E: Поиск → Корзина","","com.automation.tests.AddToCartTest","testSearchAndAddToCart","E2E: Поиск → В корзину → Корзина содержит товар E2E корзина: товар по запросу 'кулер'","E2E-сценарий (параметризован по поисковому запросу):
1. Открыть главную страницу vodovoz.ru
2. Ввести в строку поиска переданный query
3. Дождаться результатов (не менее 1 товара)
4. Запомнить название первого товара
5. Нажать кнопку «В корзину» первого товара
6. Убедиться что счётчик корзины в шапке стал > 0
7. Открыть страницу корзины /basket/
8. Проверить, что корзина не пуста
9. Проверить, что добавленный товар присутствует в корзине
"
"passed","Wed Sep 30 08:17:08 UTC 2026","Wed Sep 30 08:17:24 UTC 2026","15743","","Поиск на vodovoz.ru","","com.automation.tests.VodovozSearchTest","testParametrizedSearch","Параметризованный поиск по различным запросам Прогон 4: Поиск по запросу 'лимонад', ожидаем не менее 2 товаров","Параметризованный тест с @CsvSource.
Для каждого запроса проверяем:
1. Страница каталога открылась (/catalog/ в URL)
2. Количество товаров ≥ указанного минимума
3. Хотя бы один товар содержит поисковое слово в названии
"
"passed","Wed Sep 30 08:15:15 UTC 2026","Wed Sep 30 08:15:43 UTC 2026","28419","","Корзина: изменение количества и удаление товара","","com.automation.tests.CartQuantityTest","testRemoveItemFromCart","2. Удаление товара из корзины","Шаги:
1. Добавить товар в корзину (предусловие)
2. Нажать кнопку удаления товара
3. Проверить что корзина опустела
"
"passed","Wed Sep 30 08:17:43 UTC 2026","Wed Sep 30 08:17:59 UTC 2026","16708","","Поиск на vodovoz.ru","","com.automation.tests.VodovozSearchTest","testSearchForWaterReturnsProducts","Поиск 'вода' возвращает товары с водой","Шаги:
1. Открыть главную страницу vodovoz.ru
2. Ввести в строку поиска: вода
3. Нажать кнопку поиска
4. Проверить, что URL содержит параметр q=
5. Проверить, что найдено не менее 5 товаров
6. Проверить, что хотя бы один товар содержит 'вода' в названии
"
